<stix:STIX_Package 
	xmlns:ProcessObj="http://cybox.mitre.org/objects#ProcessObject-2"
	xmlns:WinHandleObj="http://cybox.mitre.org/objects#WinHandleObject-2"
	xmlns:WinProcessObj="http://cybox.mitre.org/objects#WinProcessObject-2"
	xmlns:cybox="http://cybox.mitre.org/cybox-2"
	xmlns:cyboxCommon="http://cybox.mitre.org/common-2"
	xmlns:cyboxVocabs="http://cybox.mitre.org/default_vocabularies-2"
	xmlns:indicator="http://stix.mitre.org/Indicator-2"
	xmlns:openioc="http://openioc.org/openioc"
	xmlns:stix="http://stix.mitre.org/stix-1"
	xmlns:stixCommon="http://stix.mitre.org/common-1"
	xmlns:stixVocabs="http://stix.mitre.org/default_vocabularies-1"
	xmlns:xsi="http://www.w3.org/2001/XMLSchema-instance" id="openioc:Package-3521ab94-7811-4317-8273-3fa25e6384c0" version="1.2">
    <stix:STIX_Header>
        <stix:Description>CybOX-represented Indicators Translated from OpenIOC File</stix:Description>
    </stix:STIX_Header>
    <stix:Indicators>
        <stix:Indicator id="openioc:indicator-0c2038a0-7205-4026-b6a2-fbbffdccc7ba" timestamp="2015-08-18T15:34:57.046092+00:00" xsi:type='indicator:IndicatorType'>
            <indicator:Title>CybOX-represented Indicator Created from OpenIOC File</indicator:Title>
            <indicator:Observable id="openioc:item-9c8df971-32a8-4ede-8a3a-c5cb2c1439c6">
                <cybox:Observable_Composition operator="OR">
                    <cybox:Observable id="openioc:item-0781258f-6960-4da5-97a0-ec35fb403cac">
                        <cybox:Observable_Composition operator="AND">
                            <cybox:Observable id="openioc:Observable-89fedb86-e1c7-4fda-8713-f954196f736a">
                                <cybox:Object id="openioc:Process-90693b64-33d1-465f-be64-af0b4f7cb65d">
                                    <cybox:Properties xsi:type="ProcessObj:ProcessObjectType">
                                        <ProcessObj:Name condition="Contains">winlogon.exe</ProcessObj:Name>
                                    </cybox:Properties>
                                </cybox:Object>
                            </cybox:Observable>
                            <cybox:Observable id="openioc:Observable-e37b83b8-7780-49fc-9c39-8d1b84cc64bb">
                                <cybox:Object id="openioc:WinProcess-69244b82-75bc-4d80-8b98-8b8c84018337">
                                    <cybox:Properties xsi:type="WinProcessObj:WindowsProcessObjectType">
                                        <WinProcessObj:Handle_List>
                                            <WinHandleObj:Handle xsi:type="WinHandleObj:WindowsHandleObjectType">
                                                <WinHandleObj:Type condition="Contains">File</WinHandleObj:Type>
                                            </WinHandleObj:Handle>
                                        </WinProcessObj:Handle_List>
                                    </cybox:Properties>
                                </cybox:Object>
                            </cybox:Observable>
                            <cybox:Observable id="openioc:item-67505775-6577-43b2-bccd-74603223180a">
                                <cybox:Observable_Composition operator="OR">
                                    <cybox:Observable id="openioc:Observable-7ac0e207-a9ca-432c-8e74-bf66a367b0d5">
                                        <cybox:Object id="openioc:WinProcess-d3f82648-8142-4e60-813a-fca3f0437a07">
                                            <cybox:Properties xsi:type="WinProcessObj:WindowsProcessObjectType">
                                                <WinProcessObj:Handle_List>
                                                    <WinHandleObj:Handle xsi:type="WinHandleObj:WindowsHandleObjectType">
                                                        <WinHandleObj:Name condition="Contains">system32\sdra64.exe</WinHandleObj:Name>
                                                    </WinHandleObj:Handle>
                                                </WinProcessObj:Handle_List>
                                            </cybox:Properties>
                                        </cybox:Object>
                                    </cybox:Observable>
                                    <cybox:Observable id="openioc:Observable-fe4d1c1e-9192-474e-9c5c-759ebfc84c08">
                                        <cybox:Object id="openioc:WinProcess-a39c23af-a898-4afa-a1c0-aea06381c63a">
                                            <cybox:Properties xsi:type="WinProcessObj:WindowsProcessObjectType">
                                                <WinProcessObj:Handle_List>
                                                    <WinHandleObj:Handle xsi:type="WinHandleObj:WindowsHandleObjectType">
                                                        <WinHandleObj:Name condition="Contains">system32\twain_32\user.ds</WinHandleObj:Name>
                                                    </WinHandleObj:Handle>
                                                </WinProcessObj:Handle_List>
                                            </cybox:Properties>
                                        </cybox:Object>
                                    </cybox:Observable>
                                    <cybox:Observable id="openioc:Observable-9b0f5a3c-b805-4400-87a4-dd090cca67ff">
                                        <cybox:Object id="openioc:WinProcess-0fc447e9-c6fe-4871-84b3-e63b2eb26662">
                                            <cybox:Properties xsi:type="WinProcessObj:WindowsProcessObjectType">
                                                <WinProcessObj:Handle_List>
                                                    <WinHandleObj:Handle xsi:type="WinHandleObj:WindowsHandleObjectType">
                                                        <WinHandleObj:Type condition="Contains">\WINDOWS\system32\twext.exe</WinHandleObj:Type>
                                                    </WinHandleObj:Handle>
                                                </WinProcessObj:Handle_List>
                                            </cybox:Properties>
                                        </cybox:Object>
                                    </cybox:Observable>
                                    <cybox:Observable id="openioc:Observable-d7dc51c8-3354-4086-8bba-89de157cf86b">
                                        <cybox:Object id="openioc:WinProcess-b13c88aa-7045-480b-bd86-9c499d23d720">
                                            <cybox:Properties xsi:type="WinProcessObj:WindowsProcessObjectType">
                                                <WinProcessObj:Handle_List>
                                                    <WinHandleObj:Handle xsi:type="WinHandleObj:WindowsHandleObjectType">
                                                        <WinHandleObj:Name condition="Contains">system32\twain32\local.ds</WinHandleObj:Name>
                                                    </WinHandleObj:Handle>
                                                </WinProcessObj:Handle_List>
                                            </cybox:Properties>
                                        </cybox:Object>
                                    </cybox:Observable>
                                    <cybox:Observable id="openioc:Observable-96bf25e0-9835-464d-b0f9-3bb436e7654d">
                                        <cybox:Object id="openioc:WinProcess-6d532270-a2b1-4a1c-8020-d0a418d60487">
                                            <cybox:Properties xsi:type="WinProcessObj:WindowsProcessObjectType">
                                                <WinProcessObj:Handle_List>
                                                    <WinHandleObj:Handle xsi:type="WinHandleObj:WindowsHandleObjectType">
                                                        <WinHandleObj:Name condition="Contains">system32\twext.exe</WinHandleObj:Name>
                                                    </WinHandleObj:Handle>
                                                </WinProcessObj:Handle_List>
                                            </cybox:Properties>
                                        </cybox:Object>
                                    </cybox:Observable>
                                    <cybox:Observable id="openioc:Observable-ccc7f6e0-3bb5-47d7-9532-4439abd7c924">
                                        <cybox:Object id="openioc:WinProcess-daee15ab-06c2-474b-a5ee-8a6f85ccdbc0">
                                            <cybox:Properties xsi:type="WinProcessObj:WindowsProcessObjectType">
                                                <WinProcessObj:Handle_List>
                                                    <WinHandleObj:Handle xsi:type="WinHandleObj:WindowsHandleObjectType">
                                                        <WinHandleObj:Name condition="Contains">system32\lowsec\user.ds</WinHandleObj:Name>
                                                    </WinHandleObj:Handle>
                                                </WinProcessObj:Handle_List>
                                            </cybox:Properties>
                                        </cybox:Object>
                                    </cybox:Observable>
                                    <cybox:Observable id="openioc:Observable-d5eeab42-5fae-4244-b53d-21da3dc02a3c">
                                        <cybox:Object id="openioc:WinProcess-e97e6702-ddec-4450-99da-a71a40e0f9fc">
                                            <cybox:Properties xsi:type="WinProcessObj:WindowsProcessObjectType">
                                                <WinProcessObj:Handle_List>
                                                    <WinHandleObj:Handle xsi:type="WinHandleObj:WindowsHandleObjectType">
                                                        <WinHandleObj:Name condition="Contains">system32\lowsec\local.ds</WinHandleObj:Name>
                                                    </WinHandleObj:Handle>
                                                </WinProcessObj:Handle_List>
                                            </cybox:Properties>
                                        </cybox:Object>
                                    </cybox:Observable>
                                </cybox:Observable_Composition>
                            </cybox:Observable>
                        </cybox:Observable_Composition>
                    </cybox:Observable>
                    <cybox:Observable id="openioc:item-9f7a5703-8a26-45cf-b801-1c13f0f15d40">
                        <cybox:Observable_Composition operator="AND">
                            <cybox:Observable id="openioc:Observable-e8aa815e-7b13-485e-ac5f-7af67f14f22e">
                                <cybox:Object id="openioc:WinProcess-e0f58080-f22e-4b52-911c-33adb41ae6ab">
                                    <cybox:Properties xsi:type="WinProcessObj:WindowsProcessObjectType">
                                        <WinProcessObj:Handle_List>
                                            <WinHandleObj:Handle xsi:type="WinHandleObj:WindowsHandleObjectType">
                                                <WinHandleObj:Type condition="Contains">Mutant</WinHandleObj:Type>
                                            </WinHandleObj:Handle>
                                        </WinProcessObj:Handle_List>
                                    </cybox:Properties>
                                </cybox:Object>
                            </cybox:Observable>
                            <cybox:Observable id="openioc:item-83f72cf7-6399-4620-b735-d08ce23ba517">
                                <cybox:Observable_Composition operator="OR">
                                    <cybox:Observable id="openioc:Observable-fe11c616-1021-40f0-b5a1-238a8642dab1">
                                        <cybox:Object id="openioc:WinProcess-da809052-8c07-4d14-a211-d8995c72c2e4">
                                            <cybox:Properties xsi:type="WinProcessObj:WindowsProcessObjectType">
                                                <WinProcessObj:Handle_List>
                                                    <WinHandleObj:Handle xsi:type="WinHandleObj:WindowsHandleObjectType">
                                                        <WinHandleObj:Name condition="Contains">__SYSTEM__</WinHandleObj:Name>
                                                    </WinHandleObj:Handle>
                                                </WinProcessObj:Handle_List>
                                            </cybox:Properties>
                                        </cybox:Object>
                                    </cybox:Observable>
                                    <cybox:Observable id="openioc:Observable-85417f30-6be5-4b56-9f76-e3e9de121c29">
                                        <cybox:Object id="openioc:WinProcess-61582804-538d-46dc-89e7-a045928b3921">
                                            <cybox:Properties xsi:type="WinProcessObj:WindowsProcessObjectType">
                                                <WinProcessObj:Handle_List>
                                                    <WinHandleObj:Handle xsi:type="WinHandleObj:WindowsHandleObjectType">
                                                        <WinHandleObj:Name condition="Contains">_AVIRA_</WinHandleObj:Name>
                                                    </WinHandleObj:Handle>
                                                </WinProcessObj:Handle_List>
                                            </cybox:Properties>
                                        </cybox:Object>
                                    </cybox:Observable>
                                </cybox:Observable_Composition>
                            </cybox:Observable>
                        </cybox:Observable_Composition>
                    </cybox:Observable>
                </cybox:Observable_Composition>
            </indicator:Observable>
            <indicator:Producer>
                <stixCommon:Tools>
                    <cyboxCommon:Tool>
                        <cyboxCommon:Name>OpenIOC to STIX Utility</cyboxCommon:Name>
                        <cyboxCommon:Version>1.0.1</cyboxCommon:Version>
                    </cyboxCommon:Tool>
                </stixCommon:Tools>
            </indicator:Producer>
        </stix:Indicator>
    </stix:Indicators>
</stix:STIX_Package>
